data,brand,canale,contatto,prodotto,dettaglio_citato,msg1,followup1,followup2,risposta,bozza_inviata,chiuso,importo,note
2026-10-05,Officina dei Saponi (Merakos Srl),web,info@officinadeisaponi.it,biocosmesi artigianale,saponificazione a freddo Poggio a Caiano,,,,,,,,
2026-10-05,Fattiamano,web,info@fattiamano.org,creme e saponi artigianali Milano,piccoli lotti + workshop autoproduzione,,,,,,,,
2026-10-05,La Cosmottega,web,info@lacosmottega.it,cosmesi naturale pugliese olio EVO,start-up Bari chimici farmaceutici,,,,,,,,
2026-10-05,Fiorelilla,web,fiorelillalavanda@gmail.com,cosmetici alla lavanda,lavandeto Cameri NO,,,,,,,,
2026-10-05,Il Dolce Alveare,web,info@tuttomiele.it,bio creme e unguenti cera d'api,apicoltura Castel di Sangro,,,,,,,,
2026-10-05,Édith Naturalskincare,web,info@edithcosmesi.com,cosmetici latte d'asina e zafferano,azienda agricola Cavallermaggiore,,,,,,,,
2026-10-05,Senso Naturale,web,whatsapp 3792504002,cosmetici solidi plastic-free,packaging minimal,,,,,,,,
2026-10-05,Laboratorio Naturale,web,info@laboratorionaturale.it,saponi conto terzi,produce per molti piccoli brand: partner/rivenditore kit,,,,,,,,
2026-10-05,Essenze Lab,web,info@essenzelab.it,candele botaniche soia Lecce,progetto nato in casa,,,,,,,,
2026-10-05,Botanical Soy Lab,web,info@botanicalsoylab.it,candele soia Pastrengo VR,menziona etichetta con grafica rinnovata,,,,,,,,
2026-10-05,Lovely Light,web,info@lovelylight.it,candele soia artigianali,laboratorio italiano,,,,,,,,
2026-10-05,Nature Candle,web,info@naturecandle.it,candele vegetali 11 collezioni,rete rivenditori,,,,,,,,
2026-10-05,Cerapersa,web,sito cera-persa.it,candele soia home spray,vegan,,,,,,,,
2026-10-05,La Calathea,web,sito lacalathea.it,candele soia + conto terzi,packaging come punto di forza,,,,,,,,
2026-10-05,Candle Box Factory,web,contatti@candleboxfactory.it,candele soia con logo conto terzi,partner/rivenditore kit,,,,,,,,
